<?xml version="1.0" encoding="utf-8" standalone="yes" ?>
<Window size="610,420" caption="0,0,0,420" roundcorner="1,1">
    <Font id="0" name="微软雅黑" size="13" bold="false" italic="false" default="true" />
    <Font id="1" name="宋体" size="13" bold="true" italic="false" />
	<TabLayout name="tab_wizard" >
		<VerticalLayout name="vrl_page1"  bkimage="bg1.bmp" >
			<Button name="btn_unint1" float="true" pos="0,260,0,0" width="55" height="30" />
			<Button name="btn_clean" float="true" pos="400,335,0,0" width="180" height="48" normalimage="cls_02.png" hotimage="cls_01.png" />
			<HorizontalLayout float="true" pos="578,0,0,0" width="32" height="32">
				<Button name="btn_close" normalimage="g01.png" hotimage="g02.png" pushedimage="g03.png" />
			</HorizontalLayout>             
		</VerticalLayout>	
			<VerticalLayout name="vrl_page2" bkimage="bg2.bmp"> 
			<Option name="opt_patch" float="true" pos="85,155,0,0" width="14" height="14" normalimage="d02.png" selectedimage="d01.png" selected="true" />
			<Option name="opt_cfg" float="true" pos="85,188,0,0" width="14" height="14" normalimage="d02.png" selectedimage="d01.png" selected="true" />
			<Option name="opt_run" float="true" pos="85,220,0,0" width="14" height="14" normalimage="d02.png" selectedimage="d01.png" selected="true" />
			<Button name="btn_unist_y" float="true" pos="100,333,0,0" width="180" height="48" normalimage="un_y_01.png" hotimage="un_y_02.png" pushedimage="un_y_03.png" />
			<Button name="btn_unint_n" float="true" pos="309,333,0,0" width="180" height="48" normalimage="un_01.png" hotimage="un_02.png" pushedimage="un_03.png" />
			<HorizontalLayout float="true" pos="578,0,0,0" width="32" height="32">
				<Button name="btn_close2" normalimage="g04.png" hotimage="g05.png" pushedimage="g06.png" />
			</HorizontalLayout>            
		</VerticalLayout>	
		<VerticalLayout name="vrl_page3" bkimage="bg3.bmp">              
			<VerticalLayout height="332"/>
			<HorizontalLayout padding="44" height="30">
				<Text name="txt_install_" text="" width="70" height="30" />
				<Text name="txt_percent" text="45%" width="340" height="30"  textcolor="#00808080" />					
			</HorizontalLayout>
			<Slider name="sld_percent" padding="30" width="533" height="20" bkimage="empty_bg.png"  foreimage="file='full_bg.png' xtiled='true'" min="0" max="100" value="20" hor="true" thumbsize="10,10" mouse="true" />   
			<!--Slider name="sld_percent" padding="44" width="533" height="20" bkimage="empty_bg.png"  foreimage="full_bg.png" min="0" max="100" value="45" hor="true" thumbsize="10,10" mouse="false" /-->
			<!--HorizontalLayout float="true" pos="578,0,0,0" width="32" height="32">
				<Button name="btn_close3" normalimage="g04.png" hotimage="g05.png" pushedimage="g06.png" />
			</HorizontalLayout> /--> 				
		</VerticalLayout>
		<VerticalLayout name="vrl_page4" bkimage="bg4.bmp">              
			<Button name="btn_finish" float="true" pos="230,330,0,0" width="150" height="42" normalimage="bye_02.png" hotimage="bye_03.png" />
			<HorizontalLayout float="true" pos="578,0,0,0" width="32" height="32">
				<Button name="btn_close4" normalimage="g04.png" hotimage="g05.png" pushedimage="g06.png" />
			</HorizontalLayout>  				
		</VerticalLayout>	
	</TabLayout>
</Window>
