<?xml version="1.0" encoding="utf-8" standalone="yes" ?>
<Window size="600,400" caption="0,0,0,400" roundcorner="1,1">
    <Font id="0" name="微软雅黑" size="13" bold="false" italic="false" default="true" />
    <Font id="1" name="宋体" size="13" bold="true" italic="false" />
	<TabLayout name="tab_wizard" >
		<VerticalLayout name="vrl_page1"  bkimage="bg1.bmp" >
			<Button name="btn_unint" float="true" pos="72,306,0,0" width="220" height="55" normalimage="unint02.png" hotimage="unint01.png" />
			<Button name="btn_cance" float="true" pos="312,306,0,0" width="220" height="55" normalimage="cancel01.png" hotimage="cancel02.png" />
            <Button name="btn_close"  float="true"  pos="568,0,0,0"  width="32" height="32"  normalimage="x01.png" hotimage="x02.png" />           
		</VerticalLayout>	
		<VerticalLayout name="vrl_page2" width="600" height="400" bkimage="bg2.bmp"> 
            <Button name="btn_close"  float="true"  pos="568,0,0,0"  width="32" height="32"  normalimage="x01.png" hotimage="x02.png" />
			<Button name="btn_finish"  float="true"  pos="192,306,0,0"  width="220" height="55"  normalimage="finish01.png" hotimage="finish02.png" />  
		</VerticalLayout>		
	</TabLayout>
</Window>
