<?xml version="1.0" encoding="utf-8" standalone="yes" ?>
<Window size="640,400" caption="0,0,0,400" roundcorner="1,1">
    <Font id="0" name="微软雅黑" size="13" bold="false" italic="false" default="true" />
    <Font id="1" name="宋体" size="13" bold="true" italic="false" />
	<Font id="2" name="微软雅黑" size="12" bold="false" italic="false" />
	<Font id="3" name="微软雅黑" size="14" bold="false" italic="false" />
	<TabLayout name="tab_wizard" >	
		<VerticalLayout name="vrl_page1" width="640" height="400" bkimage="bg1.bmp">
			<Button name="btn_install_one" float="true" pos="230,215,0,0" width="180" height="50" normalimage="btn_inst1.png" hotimage="btn_inst2.png" pushedimage="btn_inst3.png" disabledimage="btn_inst4.png" />
			<Option name="opt_agree_one" float="true" pos="25,360,0,0" width="14" height="14" normalimage="d02.png" selected="true" selectedimage="d01.png" />
			<Label text="已同意优美壁纸" float="true" pos="46,360,0,0" width="100" height="14" align="left" textcolor="#666666"/>
			<Button name="btn_licence_one" float="true" pos="136,360,0,0" width="180" height="14" align="left" textcolor="#0072dc" text="《安装协议》" />
			<Button name="btn_custom_one" float="true" pos="542,360,0,0" width="75" height="20" normalimage="custom01.png" selectedimage="custom02.png"  disabledimage="custom03.png" />
			<Button name="btn_close" float="true" pos="608,0,0,0" width="32" height="32"  normalimage="close01.png" hotimage="close02.png"  pushedimage="close03.png" />
			<Button name="btn_min" float="true" pos="576,0,0,0" width="32" height="32"  normalimage="mini01.png" hotimage="mini02.png" pushedimage="mini03.png" />			
		</VerticalLayout>
		<VerticalLayout name="vrl_page2" width="640" height="400" bkimage="bg2.bmp" >
		    <Button name="btn_install" float="true" pos="230,215,0,0" width="180" height="50" normalimage="btn_inst1.png" hotimage="btn_inst2.png" pushedimage="btn_inst3.png" disabledimage="btn_inst4.png" />
			<Option name="opt_agree" float="true" pos="25,292,0,0" width="14" height="14" normalimage="d02.png" selected="true" selectedimage="d01.png" />
			<Label text="已同意优美壁纸" float="true" pos="46,292,0,0" width="100" height="14" align="left" textcolor="#666666"/>
			<Button name="btn_licence" float="true" pos="136,292,0,0" width="180" height="14" align="left" textcolor="#0072dc" text="《安装协议》" />
			<Button name="btn_custom" float="true" pos="542,292,0,0" width="75" height="20" normalimage="custom02.png" hotimage="custom01.png"  disabledimage="custom04.png" />			
			<Button name="btn_dir" float="true" pos="525,332,0,0" width="90" height="25" normalimage="path01.png" hotimage="path02.png" pushedimage="path03.png" disabledimage="path04.png" />
			<Edit name="edt_dir" text="C:\FhBiZhi" float="true" pos="120,332,0,0" width="360" height="30" bkcolor="#FFFFFFFF" textpadding="4,3,4,3" textcolor="#999999" font="2" />
			<Text name="txt_SpaceSize" text="所需空间:2.86M" float="true" pos="134,372,0,0" width="120" height="30"  textcolor="#b2b2b2" font="2" />
			<Text name="txt_FreeSpaceSize" text="(可用空间:30.15G)" float="true" pos="248,372,0,0" width="120" height="30"  textcolor="#b2b2b2" font="2" />			
			<Button name="btn_close"  float="true" pos="608,0,0,0"  width="32" height="32"  normalimage="close01.png" hotimage="close02.png"  pushedimage="close03.png" />
			<Button name="btn_min" float="true" pos="576,0,0,0" width="32" height="32"  normalimage="mini01.png" hotimage="mini02.png" pushedimage="mini03.png" />			
        </VerticalLayout>	
		<VerticalLayout name="vrl_page3" width="640" height="400" bkimage="bg3.bmp"> 
			<VerticalLayout height="340"/>			
			<HorizontalLayout padding="588" height="30">
			<Text name="txt_percent" text="99%" width="340" height="30"  textcolor="#666666" font="3" />					
			</HorizontalLayout>
			<Slider name="sld_percent" float="true" pos="25,370,0,0" padding="30" width="590" height="10" bkimage="empty_bg.png"  foreimage="file='full_bg.png' xtiled='true'" min="0" max="100" value="20" hor="true" thumbsize="10,10" mouse="true" /> 
		</VerticalLayout>
		<VerticalLayout name="vrl_page4" width="640" height="400" bkimage="bg4.bmp">              
			<Button name="btn_finish" float="true" pos="230,235,0,0" width="180" height="50"  normalimage="btn_finish01.png" hotimage="btn_finish02.png" pushedimage="btn_finish03.png" disabledimage="btn_finish04.png" />
			<Option name="opt_agree_two" float="true" pos="25,371,0,0" width="14" height="14" normalimage="d02.png" selected="true" selectedimage="d01.png" />
			<Label text="开机自动启动" float="true" pos="44,371,0,0" width="130" height="14" align="left" textcolor="#ccdff6" />
			<Button name="btn_min" float="true" pos="576,0,0,0" width="32" height="32"  normalimage="mini01.png" hotimage="mini02.png" pushedimage="mini03.png" />
			<Button name="btn_close"  float="true" pos="608,0,0,0"  width="32" height="32"  normalimage="close01.png" hotimage="close02.png"  pushedimage="close03.png" />			
		</VerticalLayout>		
	</TabLayout>
</Window>
